	0		I shaved himself yesterday.
	0		I saw himself yesterday.
	0		I talked to himself yesterday.
	0		I hurt himself yesterday.
	0		I told a funny story about himself yesterday.
	0		I tried to shave himself yesterday.
	0		I tried to see himself yesterday.
	0		I tried to talk to himself yesterday.
	0		I tried to hurt himself yesterday.
	0		I tried to tell a funny story about himself yesterday.
	0		I shaved himself this morning.
	0		I saw himself this morning.
	0		I talked to himself this morning.
	0		I hurt himself this morning.
	0		I told a funny story about himself this morning.
	0		I tried to shave himself this morning.
	0		I tried to see himself this morning.
	0		I tried to talk to himself this morning.
	0		I tried to hurt himself this morning.
	0		I tried to tell a funny story about himself this morning.
	0		I shaved himself last year.
	0		I saw himself last year.
	0		I talked to himself last year.
	0		I hurt himself last year.
	0		I told a funny story about himself last year.
	0		I tried to shave himself last year.
	0		I tried to see himself last year.
	0		I tried to talk to himself last year.
	0		I tried to hurt himself last year.
	0		I tried to tell a funny story about himself last year.
	0		I shaved himself fifteen minutes before John arrived.
	0		I saw himself fifteen minutes before John arrived.
	0		I talked to himself fifteen minutes before John arrived.
	0		I hurt himself fifteen minutes before John arrived.
	0		I told a funny story about himself fifteen minutes before John arrived.
	0		I tried to shave himself fifteen minutes before John arrived.
	0		I tried to see himself fifteen minutes before John arrived.
	0		I tried to talk to himself fifteen minutes before John arrived.
	0		I tried to hurt himself fifteen minutes before John arrived.
	0		I tried to tell a funny story about himself fifteen minutes before John arrived.
	0		I shaved himself .
	0		I saw himself .
	0		I talked to himself .
	0		I hurt himself .
	0		I told a funny story about himself .
	0		I tried to shave himself .
	0		I tried to see himself .
	0		I tried to talk to himself .
	0		I tried to hurt himself .
	0		I tried to tell a funny story about himself .
	0		I shaved herself yesterday.
	0		I saw herself yesterday.
	0		I talked to herself yesterday.
	0		I hurt herself yesterday.
	0		I told a funny story about herself yesterday.
	0		I tried to shave herself yesterday.
	0		I tried to see herself yesterday.
	0		I tried to talk to herself yesterday.
	0		I tried to hurt herself yesterday.
	0		I tried to tell a funny story about herself yesterday.
	0		I shaved herself this morning.
	0		I saw herself this morning.
	0		I talked to herself this morning.
	0		I hurt herself this morning.
	0		I told a funny story about herself this morning.
	0		I tried to shave herself this morning.
	0		I tried to see herself this morning.
	0		I tried to talk to herself this morning.
	0		I tried to hurt herself this morning.
	0		I tried to tell a funny story about herself this morning.
	0		I shaved herself last year.
	0		I saw herself last year.
	0		I talked to herself last year.
	0		I hurt herself last year.
	0		I told a funny story about herself last year.
	0		I tried to shave herself last year.
	0		I tried to see herself last year.
	0		I tried to talk to herself last year.
	0		I tried to hurt herself last year.
	0		I tried to tell a funny story about herself last year.
	0		I shaved herself fifteen minutes before John arrived.
	0		I saw herself fifteen minutes before John arrived.
	0		I talked to herself fifteen minutes before John arrived.
	0		I hurt herself fifteen minutes before John arrived.
	0		I told a funny story about herself fifteen minutes before John arrived.
	0		I tried to shave herself fifteen minutes before John arrived.
	0		I tried to see herself fifteen minutes before John arrived.
	0		I tried to talk to herself fifteen minutes before John arrived.
	0		I tried to hurt herself fifteen minutes before John arrived.
	0		I tried to tell a funny story about herself fifteen minutes before John arrived.
	0		I shaved herself .
	0		I saw herself .
	0		I talked to herself .
	0		I hurt herself .
	0		I told a funny story about herself .
	0		I tried to shave herself .
	0		I tried to see herself .
	0		I tried to talk to herself .
	0		I tried to hurt herself .
	0		I tried to tell a funny story about herself .
	0		I shaved themselves yesterday.
	0		I saw themselves yesterday.
	0		I talked to themselves yesterday.
	0		I hurt themselves yesterday.
	0		I told a funny story about themselves yesterday.
	0		I tried to shave themselves yesterday.
	0		I tried to see themselves yesterday.
	0		I tried to talk to themselves yesterday.
	0		I tried to hurt themselves yesterday.
	0		I tried to tell a funny story about themselves yesterday.
	0		I shaved themselves this morning.
	0		I saw themselves this morning.
	0		I talked to themselves this morning.
	0		I hurt themselves this morning.
	0		I told a funny story about themselves this morning.
	0		I tried to shave themselves this morning.
	0		I tried to see themselves this morning.
	0		I tried to talk to themselves this morning.
	0		I tried to hurt themselves this morning.
	0		I tried to tell a funny story about themselves this morning.
	0		I shaved themselves last year.
	0		I saw themselves last year.
	0		I talked to themselves last year.
	0		I hurt themselves last year.
	0		I told a funny story about themselves last year.
	0		I tried to shave themselves last year.
	0		I tried to see themselves last year.
	0		I tried to talk to themselves last year.
	0		I tried to hurt themselves last year.
	0		I tried to tell a funny story about themselves last year.
	0		I shaved themselves fifteen minutes before John arrived.
	0		I saw themselves fifteen minutes before John arrived.
	0		I talked to themselves fifteen minutes before John arrived.
	0		I hurt themselves fifteen minutes before John arrived.
	0		I told a funny story about themselves fifteen minutes before John arrived.
	0		I tried to shave themselves fifteen minutes before John arrived.
	0		I tried to see themselves fifteen minutes before John arrived.
	0		I tried to talk to themselves fifteen minutes before John arrived.
	0		I tried to hurt themselves fifteen minutes before John arrived.
	0		I tried to tell a funny story about themselves fifteen minutes before John arrived.
	0		I shaved themselves .
	0		I saw themselves .
	0		I talked to themselves .
	0		I hurt themselves .
	0		I told a funny story about themselves .
	0		I tried to shave themselves .
	0		I tried to see themselves .
	0		I tried to talk to themselves .
	0		I tried to hurt themselves .
	0		I tried to tell a funny story about themselves .
	0		I shaved yourself yesterday.
	0		I saw yourself yesterday.
	0		I talked to yourself yesterday.
	0		I hurt yourself yesterday.
	0		I told a funny story about yourself yesterday.
	0		I tried to shave yourself yesterday.
	0		I tried to see yourself yesterday.
	0		I tried to talk to yourself yesterday.
	0		I tried to hurt yourself yesterday.
	0		I tried to tell a funny story about yourself yesterday.
	0		I shaved yourself this morning.
	0		I saw yourself this morning.
	0		I talked to yourself this morning.
	0		I hurt yourself this morning.
	0		I told a funny story about yourself this morning.
	0		I tried to shave yourself this morning.
	0		I tried to see yourself this morning.
	0		I tried to talk to yourself this morning.
	0		I tried to hurt yourself this morning.
	0		I tried to tell a funny story about yourself this morning.
	0		I shaved yourself last year.
	0		I saw yourself last year.
	0		I talked to yourself last year.
	0		I hurt yourself last year.
	0		I told a funny story about yourself last year.
	0		I tried to shave yourself last year.
	0		I tried to see yourself last year.
	0		I tried to talk to yourself last year.
	0		I tried to hurt yourself last year.
	0		I tried to tell a funny story about yourself last year.
	0		I shaved yourself fifteen minutes before John arrived.
	0		I saw yourself fifteen minutes before John arrived.
	0		I talked to yourself fifteen minutes before John arrived.
	0		I hurt yourself fifteen minutes before John arrived.
	0		I told a funny story about yourself fifteen minutes before John arrived.
	0		I tried to shave yourself fifteen minutes before John arrived.
	0		I tried to see yourself fifteen minutes before John arrived.
	0		I tried to talk to yourself fifteen minutes before John arrived.
	0		I tried to hurt yourself fifteen minutes before John arrived.
	0		I tried to tell a funny story about yourself fifteen minutes before John arrived.
	0		I shaved yourself .
	0		I saw yourself .
	0		I talked to yourself .
	0		I hurt yourself .
	0		I told a funny story about yourself .
	0		I tried to shave yourself .
	0		I tried to see yourself .
	0		I tried to talk to yourself .
	0		I tried to hurt yourself .
	0		I tried to tell a funny story about yourself .
	1		I shaved myself yesterday.
	1		I saw myself yesterday.
	1		I talked to myself yesterday.
	1		I hurt myself yesterday.
	1		I told a funny story about myself yesterday.
	1		I tried to shave myself yesterday.
	1		I tried to see myself yesterday.
	1		I tried to talk to myself yesterday.
	1		I tried to hurt myself yesterday.
	1		I tried to tell a funny story about myself yesterday.
	1		I shaved myself this morning.
	1		I saw myself this morning.
	1		I talked to myself this morning.
	1		I hurt myself this morning.
	1		I told a funny story about myself this morning.
	1		I tried to shave myself this morning.
	1		I tried to see myself this morning.
	1		I tried to talk to myself this morning.
	1		I tried to hurt myself this morning.
	1		I tried to tell a funny story about myself this morning.
	1		I shaved myself last year.
	1		I saw myself last year.
	1		I talked to myself last year.
	1		I hurt myself last year.
	1		I told a funny story about myself last year.
	1		I tried to shave myself last year.
	1		I tried to see myself last year.
	1		I tried to talk to myself last year.
	1		I tried to hurt myself last year.
	1		I tried to tell a funny story about myself last year.
	1		I shaved myself fifteen minutes before John arrived.
	1		I saw myself fifteen minutes before John arrived.
	1		I talked to myself fifteen minutes before John arrived.
	1		I hurt myself fifteen minutes before John arrived.
	1		I told a funny story about myself fifteen minutes before John arrived.
	1		I tried to shave myself fifteen minutes before John arrived.
	1		I tried to see myself fifteen minutes before John arrived.
	1		I tried to talk to myself fifteen minutes before John arrived.
	1		I tried to hurt myself fifteen minutes before John arrived.
	1		I tried to tell a funny story about myself fifteen minutes before John arrived.
	1		I shaved myself .
	1		I saw myself .
	1		I talked to myself .
	1		I hurt myself .
	1		I told a funny story about myself .
	1		I tried to shave myself .
	1		I tried to see myself .
	1		I tried to talk to myself .
	1		I tried to hurt myself .
	1		I tried to tell a funny story about myself .
	0		I shaved ourselves yesterday.
	0		I saw ourselves yesterday.
	0		I talked to ourselves yesterday.
	0		I hurt ourselves yesterday.
	0		I told a funny story about ourselves yesterday.
	0		I tried to shave ourselves yesterday.
	0		I tried to see ourselves yesterday.
	0		I tried to talk to ourselves yesterday.
	0		I tried to hurt ourselves yesterday.
	0		I tried to tell a funny story about ourselves yesterday.
	0		I shaved ourselves this morning.
	0		I saw ourselves this morning.
	0		I talked to ourselves this morning.
	0		I hurt ourselves this morning.
	0		I told a funny story about ourselves this morning.
	0		I tried to shave ourselves this morning.
	0		I tried to see ourselves this morning.
	0		I tried to talk to ourselves this morning.
	0		I tried to hurt ourselves this morning.
	0		I tried to tell a funny story about ourselves this morning.
	0		I shaved ourselves last year.
	0		I saw ourselves last year.
	0		I talked to ourselves last year.
	0		I hurt ourselves last year.
	0		I told a funny story about ourselves last year.
	0		I tried to shave ourselves last year.
	0		I tried to see ourselves last year.
	0		I tried to talk to ourselves last year.
	0		I tried to hurt ourselves last year.
	0		I tried to tell a funny story about ourselves last year.
	0		I shaved ourselves fifteen minutes before John arrived.
	0		I saw ourselves fifteen minutes before John arrived.
	0		I talked to ourselves fifteen minutes before John arrived.
	0		I hurt ourselves fifteen minutes before John arrived.
	0		I told a funny story about ourselves fifteen minutes before John arrived.
	0		I tried to shave ourselves fifteen minutes before John arrived.
	0		I tried to see ourselves fifteen minutes before John arrived.
	0		I tried to talk to ourselves fifteen minutes before John arrived.
	0		I tried to hurt ourselves fifteen minutes before John arrived.
	0		I tried to tell a funny story about ourselves fifteen minutes before John arrived.
	0		I shaved ourselves .
	0		I saw ourselves .
	0		I talked to ourselves .
	0		I hurt ourselves .
	0		I told a funny story about ourselves .
	0		I tried to shave ourselves .
	0		I tried to see ourselves .
	0		I tried to talk to ourselves .
	0		I tried to hurt ourselves .
	0		I tried to tell a funny story about ourselves .
	0		you shaved himself yesterday.
	0		you saw himself yesterday.
	0		you talked to himself yesterday.
	0		you hurt himself yesterday.
	0		you told a funny story about himself yesterday.
	0		you tried to shave himself yesterday.
	0		you tried to see himself yesterday.
	0		you tried to talk to himself yesterday.
	0		you tried to hurt himself yesterday.
	0		you tried to tell a funny story about himself yesterday.
	0		you shaved himself this morning.
	0		you saw himself this morning.
	0		you talked to himself this morning.
	0		you hurt himself this morning.
	0		you told a funny story about himself this morning.
	0		you tried to shave himself this morning.
	0		you tried to see himself this morning.
	0		you tried to talk to himself this morning.
	0		you tried to hurt himself this morning.
	0		you tried to tell a funny story about himself this morning.
	0		you shaved himself last year.
	0		you saw himself last year.
	0		you talked to himself last year.
	0		you hurt himself last year.
	0		you told a funny story about himself last year.
	0		you tried to shave himself last year.
	0		you tried to see himself last year.
	0		you tried to talk to himself last year.
	0		you tried to hurt himself last year.
	0		you tried to tell a funny story about himself last year.
	0		you shaved himself fifteen minutes before John arrived.
	0		you saw himself fifteen minutes before John arrived.
	0		you talked to himself fifteen minutes before John arrived.
	0		you hurt himself fifteen minutes before John arrived.
	0		you told a funny story about himself fifteen minutes before John arrived.
	0		you tried to shave himself fifteen minutes before John arrived.
	0		you tried to see himself fifteen minutes before John arrived.
	0		you tried to talk to himself fifteen minutes before John arrived.
	0		you tried to hurt himself fifteen minutes before John arrived.
	0		you tried to tell a funny story about himself fifteen minutes before John arrived.
	0		you shaved himself .
	0		you saw himself .
	0		you talked to himself .
	0		you hurt himself .
	0		you told a funny story about himself .
	0		you tried to shave himself .
	0		you tried to see himself .
	0		you tried to talk to himself .
	0		you tried to hurt himself .
	0		you tried to tell a funny story about himself .
	0		you shaved herself yesterday.
	0		you saw herself yesterday.
	0		you talked to herself yesterday.
	0		you hurt herself yesterday.
	0		you told a funny story about herself yesterday.
	0		you tried to shave herself yesterday.
	0		you tried to see herself yesterday.
	0		you tried to talk to herself yesterday.
	0		you tried to hurt herself yesterday.
	0		you tried to tell a funny story about herself yesterday.
	0		you shaved herself this morning.
	0		you saw herself this morning.
	0		you talked to herself this morning.
	0		you hurt herself this morning.
	0		you told a funny story about herself this morning.
	0		you tried to shave herself this morning.
	0		you tried to see herself this morning.
	0		you tried to talk to herself this morning.
	0		you tried to hurt herself this morning.
	0		you tried to tell a funny story about herself this morning.
	0		you shaved herself last year.
	0		you saw herself last year.
	0		you talked to herself last year.
	0		you hurt herself last year.
	0		you told a funny story about herself last year.
	0		you tried to shave herself last year.
	0		you tried to see herself last year.
	0		you tried to talk to herself last year.
	0		you tried to hurt herself last year.
	0		you tried to tell a funny story about herself last year.
	0		you shaved herself fifteen minutes before John arrived.
	0		you saw herself fifteen minutes before John arrived.
	0		you talked to herself fifteen minutes before John arrived.
	0		you hurt herself fifteen minutes before John arrived.
	0		you told a funny story about herself fifteen minutes before John arrived.
	0		you tried to shave herself fifteen minutes before John arrived.
	0		you tried to see herself fifteen minutes before John arrived.
	0		you tried to talk to herself fifteen minutes before John arrived.
	0		you tried to hurt herself fifteen minutes before John arrived.
	0		you tried to tell a funny story about herself fifteen minutes before John arrived.
	0		you shaved herself .
	0		you saw herself .
	0		you talked to herself .
	0		you hurt herself .
	0		you told a funny story about herself .
	0		you tried to shave herself .
	0		you tried to see herself .
	0		you tried to talk to herself .
	0		you tried to hurt herself .
	0		you tried to tell a funny story about herself .
	0		you shaved themselves yesterday.
	0		you saw themselves yesterday.
	0		you talked to themselves yesterday.
	0		you hurt themselves yesterday.
	0		you told a funny story about themselves yesterday.
	0		you tried to shave themselves yesterday.
	0		you tried to see themselves yesterday.
	0		you tried to talk to themselves yesterday.
	0		you tried to hurt themselves yesterday.
	0		you tried to tell a funny story about themselves yesterday.
	0		you shaved themselves this morning.
	0		you saw themselves this morning.
	0		you talked to themselves this morning.
	0		you hurt themselves this morning.
	0		you told a funny story about themselves this morning.
	0		you tried to shave themselves this morning.
	0		you tried to see themselves this morning.
	0		you tried to talk to themselves this morning.
	0		you tried to hurt themselves this morning.
	0		you tried to tell a funny story about themselves this morning.
	0		you shaved themselves last year.
	0		you saw themselves last year.
	0		you talked to themselves last year.
	0		you hurt themselves last year.
	0		you told a funny story about themselves last year.
	0		you tried to shave themselves last year.
	0		you tried to see themselves last year.
	0		you tried to talk to themselves last year.
	0		you tried to hurt themselves last year.
	0		you tried to tell a funny story about themselves last year.
	0		you shaved themselves fifteen minutes before John arrived.
	0		you saw themselves fifteen minutes before John arrived.
	0		you talked to themselves fifteen minutes before John arrived.
	0		you hurt themselves fifteen minutes before John arrived.
	0		you told a funny story about themselves fifteen minutes before John arrived.
	0		you tried to shave themselves fifteen minutes before John arrived.
	0		you tried to see themselves fifteen minutes before John arrived.
	0		you tried to talk to themselves fifteen minutes before John arrived.
	0		you tried to hurt themselves fifteen minutes before John arrived.
	0		you tried to tell a funny story about themselves fifteen minutes before John arrived.
	0		you shaved themselves .
	0		you saw themselves .
	0		you talked to themselves .
	0		you hurt themselves .
	0		you told a funny story about themselves .
	0		you tried to shave themselves .
	0		you tried to see themselves .
	0		you tried to talk to themselves .
	0		you tried to hurt themselves .
	0		you tried to tell a funny story about themselves .
	1		you shaved yourself yesterday.
	1		you saw yourself yesterday.
	1		you talked to yourself yesterday.
	1		you hurt yourself yesterday.
	1		you told a funny story about yourself yesterday.
	1		you tried to shave yourself yesterday.
	1		you tried to see yourself yesterday.
	1		you tried to talk to yourself yesterday.
	1		you tried to hurt yourself yesterday.
	1		you tried to tell a funny story about yourself yesterday.
	1		you shaved yourself this morning.
	1		you saw yourself this morning.
	1		you talked to yourself this morning.
	1		you hurt yourself this morning.
	1		you told a funny story about yourself this morning.
	1		you tried to shave yourself this morning.
	1		you tried to see yourself this morning.
	1		you tried to talk to yourself this morning.
	1		you tried to hurt yourself this morning.
	1		you tried to tell a funny story about yourself this morning.
	1		you shaved yourself last year.
	1		you saw yourself last year.
	1		you talked to yourself last year.
	1		you hurt yourself last year.
	1		you told a funny story about yourself last year.
	1		you tried to shave yourself last year.
	1		you tried to see yourself last year.
	1		you tried to talk to yourself last year.
	1		you tried to hurt yourself last year.
	1		you tried to tell a funny story about yourself last year.
	1		you shaved yourself fifteen minutes before John arrived.
	1		you saw yourself fifteen minutes before John arrived.
	1		you talked to yourself fifteen minutes before John arrived.
	1		you hurt yourself fifteen minutes before John arrived.
	1		you told a funny story about yourself fifteen minutes before John arrived.
	1		you tried to shave yourself fifteen minutes before John arrived.
	1		you tried to see yourself fifteen minutes before John arrived.
	1		you tried to talk to yourself fifteen minutes before John arrived.
	1		you tried to hurt yourself fifteen minutes before John arrived.
	1		you tried to tell a funny story about yourself fifteen minutes before John arrived.
	1		you shaved yourself .
	1		you saw yourself .
	1		you talked to yourself .
	1		you hurt yourself .
	1		you told a funny story about yourself .
	1		you tried to shave yourself .
	1		you tried to see yourself .
	1		you tried to talk to yourself .
	1		you tried to hurt yourself .
	1		you tried to tell a funny story about yourself .
	0		you shaved myself yesterday.
	0		you saw myself yesterday.
	0		you talked to myself yesterday.
	0		you hurt myself yesterday.
	0		you told a funny story about myself yesterday.
	0		you tried to shave myself yesterday.
	0		you tried to see myself yesterday.
	0		you tried to talk to myself yesterday.
	0		you tried to hurt myself yesterday.
	0		you tried to tell a funny story about myself yesterday.
	0		you shaved myself this morning.
	0		you saw myself this morning.
	0		you talked to myself this morning.
	0		you hurt myself this morning.
	0		you told a funny story about myself this morning.
	0		you tried to shave myself this morning.
	0		you tried to see myself this morning.
	0		you tried to talk to myself this morning.
	0		you tried to hurt myself this morning.
	0		you tried to tell a funny story about myself this morning.
	0		you shaved myself last year.
	0		you saw myself last year.
	0		you talked to myself last year.
	0		you hurt myself last year.
	0		you told a funny story about myself last year.
	0		you tried to shave myself last year.
	0		you tried to see myself last year.
	0		you tried to talk to myself last year.
	0		you tried to hurt myself last year.
	0		you tried to tell a funny story about myself last year.
	0		you shaved myself fifteen minutes before John arrived.
	0		you saw myself fifteen minutes before John arrived.
	0		you talked to myself fifteen minutes before John arrived.
	0		you hurt myself fifteen minutes before John arrived.
	0		you told a funny story about myself fifteen minutes before John arrived.
	0		you tried to shave myself fifteen minutes before John arrived.
	0		you tried to see myself fifteen minutes before John arrived.
	0		you tried to talk to myself fifteen minutes before John arrived.
	0		you tried to hurt myself fifteen minutes before John arrived.
	0		you tried to tell a funny story about myself fifteen minutes before John arrived.
	0		you shaved myself .
	0		you saw myself .
	0		you talked to myself .
	0		you hurt myself .
	0		you told a funny story about myself .
	0		you tried to shave myself .
	0		you tried to see myself .
	0		you tried to talk to myself .
	0		you tried to hurt myself .
	0		you tried to tell a funny story about myself .
	0		you shaved ourselves yesterday.
	0		you saw ourselves yesterday.
	0		you talked to ourselves yesterday.
	0		you hurt ourselves yesterday.
	0		you told a funny story about ourselves yesterday.
	0		you tried to shave ourselves yesterday.
	0		you tried to see ourselves yesterday.
	0		you tried to talk to ourselves yesterday.
	0		you tried to hurt ourselves yesterday.
	0		you tried to tell a funny story about ourselves yesterday.
	0		you shaved ourselves this morning.
	0		you saw ourselves this morning.
	0		you talked to ourselves this morning.
	0		you hurt ourselves this morning.
	0		you told a funny story about ourselves this morning.
	0		you tried to shave ourselves this morning.
	0		you tried to see ourselves this morning.
	0		you tried to talk to ourselves this morning.
	0		you tried to hurt ourselves this morning.
	0		you tried to tell a funny story about ourselves this morning.
	0		you shaved ourselves last year.
	0		you saw ourselves last year.
	0		you talked to ourselves last year.
	0		you hurt ourselves last year.
	0		you told a funny story about ourselves last year.
	0		you tried to shave ourselves last year.
	0		you tried to see ourselves last year.
	0		you tried to talk to ourselves last year.
	0		you tried to hurt ourselves last year.
	0		you tried to tell a funny story about ourselves last year.
	0		you shaved ourselves fifteen minutes before John arrived.
	0		you saw ourselves fifteen minutes before John arrived.
	0		you talked to ourselves fifteen minutes before John arrived.
	0		you hurt ourselves fifteen minutes before John arrived.
	0		you told a funny story about ourselves fifteen minutes before John arrived.
	0		you tried to shave ourselves fifteen minutes before John arrived.
	0		you tried to see ourselves fifteen minutes before John arrived.
	0		you tried to talk to ourselves fifteen minutes before John arrived.
	0		you tried to hurt ourselves fifteen minutes before John arrived.
	0		you tried to tell a funny story about ourselves fifteen minutes before John arrived.
	0		you shaved ourselves .
	0		you saw ourselves .
	0		you talked to ourselves .
	0		you hurt ourselves .
	0		you told a funny story about ourselves .
	0		you tried to shave ourselves .
	0		you tried to see ourselves .
	0		you tried to talk to ourselves .
	0		you tried to hurt ourselves .
	0		you tried to tell a funny story about ourselves .
	1		he shaved himself yesterday.
	1		he saw himself yesterday.
	1		he talked to himself yesterday.
	1		he hurt himself yesterday.
	1		he told a funny story about himself yesterday.
	1		he tried to shave himself yesterday.
	1		he tried to see himself yesterday.
	1		he tried to talk to himself yesterday.
	1		he tried to hurt himself yesterday.
	1		he tried to tell a funny story about himself yesterday.
	1		he shaved himself this morning.
	1		he saw himself this morning.
	1		he talked to himself this morning.
	1		he hurt himself this morning.
	1		he told a funny story about himself this morning.
	1		he tried to shave himself this morning.
	1		he tried to see himself this morning.
	1		he tried to talk to himself this morning.
	1		he tried to hurt himself this morning.
	1		he tried to tell a funny story about himself this morning.
	1		he shaved himself last year.
	1		he saw himself last year.
	1		he talked to himself last year.
	1		he hurt himself last year.
	1		he told a funny story about himself last year.
	1		he tried to shave himself last year.
	1		he tried to see himself last year.
	1		he tried to talk to himself last year.
	1		he tried to hurt himself last year.
	1		he tried to tell a funny story about himself last year.
	1		he shaved himself fifteen minutes before John arrived.
	1		he saw himself fifteen minutes before John arrived.
	1		he talked to himself fifteen minutes before John arrived.
	1		he hurt himself fifteen minutes before John arrived.
	1		he told a funny story about himself fifteen minutes before John arrived.
	1		he tried to shave himself fifteen minutes before John arrived.
	1		he tried to see himself fifteen minutes before John arrived.
	1		he tried to talk to himself fifteen minutes before John arrived.
	1		he tried to hurt himself fifteen minutes before John arrived.
	1		he tried to tell a funny story about himself fifteen minutes before John arrived.
	1		he shaved himself .
	1		he saw himself .
	1		he talked to himself .
	1		he hurt himself .
	1		he told a funny story about himself .
	1		he tried to shave himself .
	1		he tried to see himself .
	1		he tried to talk to himself .
	1		he tried to hurt himself .
	1		he tried to tell a funny story about himself .
	0		he shaved herself yesterday.
	0		he saw herself yesterday.
	0		he talked to herself yesterday.
	0		he hurt herself yesterday.
	0		he told a funny story about herself yesterday.
	0		he tried to shave herself yesterday.
	0		he tried to see herself yesterday.
	0		he tried to talk to herself yesterday.
	0		he tried to hurt herself yesterday.
	0		he tried to tell a funny story about herself yesterday.
	0		he shaved herself this morning.
	0		he saw herself this morning.
	0		he talked to herself this morning.
	0		he hurt herself this morning.
	0		he told a funny story about herself this morning.
	0		he tried to shave herself this morning.
	0		he tried to see herself this morning.
	0		he tried to talk to herself this morning.
	0		he tried to hurt herself this morning.
	0		he tried to tell a funny story about herself this morning.
	0		he shaved herself last year.
	0		he saw herself last year.
	0		he talked to herself last year.
	0		he hurt herself last year.
	0		he told a funny story about herself last year.
	0		he tried to shave herself last year.
	0		he tried to see herself last year.
	0		he tried to talk to herself last year.
	0		he tried to hurt herself last year.
	0		he tried to tell a funny story about herself last year.
	0		he shaved herself fifteen minutes before John arrived.
	0		he saw herself fifteen minutes before John arrived.
	0		he talked to herself fifteen minutes before John arrived.
	0		he hurt herself fifteen minutes before John arrived.
	0		he told a funny story about herself fifteen minutes before John arrived.
	0		he tried to shave herself fifteen minutes before John arrived.
	0		he tried to see herself fifteen minutes before John arrived.
	0		he tried to talk to herself fifteen minutes before John arrived.
	0		he tried to hurt herself fifteen minutes before John arrived.
	0		he tried to tell a funny story about herself fifteen minutes before John arrived.
	0		he shaved herself .
	0		he saw herself .
	0		he talked to herself .
	0		he hurt herself .
	0		he told a funny story about herself .
	0		he tried to shave herself .
	0		he tried to see herself .
	0		he tried to talk to herself .
	0		he tried to hurt herself .
	0		he tried to tell a funny story about herself .
	0		he shaved themselves yesterday.
	0		he saw themselves yesterday.
	0		he talked to themselves yesterday.
	0		he hurt themselves yesterday.
	0		he told a funny story about themselves yesterday.
	0		he tried to shave themselves yesterday.
	0		he tried to see themselves yesterday.
	0		he tried to talk to themselves yesterday.
	0		he tried to hurt themselves yesterday.
	0		he tried to tell a funny story about themselves yesterday.
	0		he shaved themselves this morning.
	0		he saw themselves this morning.
	0		he talked to themselves this morning.
	0		he hurt themselves this morning.
	0		he told a funny story about themselves this morning.
	0		he tried to shave themselves this morning.
	0		he tried to see themselves this morning.
	0		he tried to talk to themselves this morning.
	0		he tried to hurt themselves this morning.
	0		he tried to tell a funny story about themselves this morning.
	0		he shaved themselves last year.
	0		he saw themselves last year.
	0		he talked to themselves last year.
	0		he hurt themselves last year.
	0		he told a funny story about themselves last year.
	0		he tried to shave themselves last year.
	0		he tried to see themselves last year.
	0		he tried to talk to themselves last year.
	0		he tried to hurt themselves last year.
	0		he tried to tell a funny story about themselves last year.
	0		he shaved themselves fifteen minutes before John arrived.
	0		he saw themselves fifteen minutes before John arrived.
	0		he talked to themselves fifteen minutes before John arrived.
	0		he hurt themselves fifteen minutes before John arrived.
	0		he told a funny story about themselves fifteen minutes before John arrived.
	0		he tried to shave themselves fifteen minutes before John arrived.
	0		he tried to see themselves fifteen minutes before John arrived.
	0		he tried to talk to themselves fifteen minutes before John arrived.
	0		he tried to hurt themselves fifteen minutes before John arrived.
	0		he tried to tell a funny story about themselves fifteen minutes before John arrived.
	0		he shaved themselves .
	0		he saw themselves .
	0		he talked to themselves .
	0		he hurt themselves .
	0		he told a funny story about themselves .
	0		he tried to shave themselves .
	0		he tried to see themselves .
	0		he tried to talk to themselves .
	0		he tried to hurt themselves .
	0		he tried to tell a funny story about themselves .
	0		he shaved yourself yesterday.
	0		he saw yourself yesterday.
	0		he talked to yourself yesterday.
	0		he hurt yourself yesterday.
	0		he told a funny story about yourself yesterday.
	0		he tried to shave yourself yesterday.
	0		he tried to see yourself yesterday.
	0		he tried to talk to yourself yesterday.
	0		he tried to hurt yourself yesterday.
	0		he tried to tell a funny story about yourself yesterday.
	0		he shaved yourself this morning.
	0		he saw yourself this morning.
	0		he talked to yourself this morning.
	0		he hurt yourself this morning.
	0		he told a funny story about yourself this morning.
	0		he tried to shave yourself this morning.
	0		he tried to see yourself this morning.
	0		he tried to talk to yourself this morning.
	0		he tried to hurt yourself this morning.
	0		he tried to tell a funny story about yourself this morning.
	0		he shaved yourself last year.
	0		he saw yourself last year.
	0		he talked to yourself last year.
	0		he hurt yourself last year.
	0		he told a funny story about yourself last year.
	0		he tried to shave yourself last year.
	0		he tried to see yourself last year.
	0		he tried to talk to yourself last year.
	0		he tried to hurt yourself last year.
	0		he tried to tell a funny story about yourself last year.
	0		he shaved yourself fifteen minutes before John arrived.
	0		he saw yourself fifteen minutes before John arrived.
	0		he talked to yourself fifteen minutes before John arrived.
	0		he hurt yourself fifteen minutes before John arrived.
	0		he told a funny story about yourself fifteen minutes before John arrived.
	0		he tried to shave yourself fifteen minutes before John arrived.
	0		he tried to see yourself fifteen minutes before John arrived.
	0		he tried to talk to yourself fifteen minutes before John arrived.
	0		he tried to hurt yourself fifteen minutes before John arrived.
	0		he tried to tell a funny story about yourself fifteen minutes before John arrived.
	0		he shaved yourself .
	0		he saw yourself .
	0		he talked to yourself .
	0		he hurt yourself .
	0		he told a funny story about yourself .
	0		he tried to shave yourself .
	0		he tried to see yourself .
	0		he tried to talk to yourself .
	0		he tried to hurt yourself .
	0		he tried to tell a funny story about yourself .
	0		he shaved myself yesterday.
	0		he saw myself yesterday.
	0		he talked to myself yesterday.
	0		he hurt myself yesterday.
	0		he told a funny story about myself yesterday.
	0		he tried to shave myself yesterday.
	0		he tried to see myself yesterday.
	0		he tried to talk to myself yesterday.
	0		he tried to hurt myself yesterday.
	0		he tried to tell a funny story about myself yesterday.
	0		he shaved myself this morning.
	0		he saw myself this morning.
	0		he talked to myself this morning.
	0		he hurt myself this morning.
	0		he told a funny story about myself this morning.
	0		he tried to shave myself this morning.
	0		he tried to see myself this morning.
	0		he tried to talk to myself this morning.
	0		he tried to hurt myself this morning.
	0		he tried to tell a funny story about myself this morning.
	0		he shaved myself last year.
	0		he saw myself last year.
	0		he talked to myself last year.
	0		he hurt myself last year.
	0		he told a funny story about myself last year.
	0		he tried to shave myself last year.
	0		he tried to see myself last year.
	0		he tried to talk to myself last year.
	0		he tried to hurt myself last year.
	0		he tried to tell a funny story about myself last year.
	0		he shaved myself fifteen minutes before John arrived.
	0		he saw myself fifteen minutes before John arrived.
	0		he talked to myself fifteen minutes before John arrived.
	0		he hurt myself fifteen minutes before John arrived.
	0		he told a funny story about myself fifteen minutes before John arrived.
	0		he tried to shave myself fifteen minutes before John arrived.
	0		he tried to see myself fifteen minutes before John arrived.
	0		he tried to talk to myself fifteen minutes before John arrived.
	0		he tried to hurt myself fifteen minutes before John arrived.
	0		he tried to tell a funny story about myself fifteen minutes before John arrived.
	0		he shaved myself .
	0		he saw myself .
	0		he talked to myself .
	0		he hurt myself .
	0		he told a funny story about myself .
	0		he tried to shave myself .
	0		he tried to see myself .
	0		he tried to talk to myself .
	0		he tried to hurt myself .
	0		he tried to tell a funny story about myself .
	0		he shaved ourselves yesterday.
	0		he saw ourselves yesterday.
	0		he talked to ourselves yesterday.
	0		he hurt ourselves yesterday.
	0		he told a funny story about ourselves yesterday.
	0		he tried to shave ourselves yesterday.
	0		he tried to see ourselves yesterday.
	0		he tried to talk to ourselves yesterday.
	0		he tried to hurt ourselves yesterday.
	0		he tried to tell a funny story about ourselves yesterday.
	0		he shaved ourselves this morning.
	0		he saw ourselves this morning.
	0		he talked to ourselves this morning.
	0		he hurt ourselves this morning.
	0		he told a funny story about ourselves this morning.
	0		he tried to shave ourselves this morning.
	0		he tried to see ourselves this morning.
	0		he tried to talk to ourselves this morning.
	0		he tried to hurt ourselves this morning.
	0		he tried to tell a funny story about ourselves this morning.
	0		he shaved ourselves last year.
	0		he saw ourselves last year.
	0		he talked to ourselves last year.
	0		he hurt ourselves last year.
	0		he told a funny story about ourselves last year.
	0		he tried to shave ourselves last year.
	0		he tried to see ourselves last year.
	0		he tried to talk to ourselves last year.
	0		he tried to hurt ourselves last year.
	0		he tried to tell a funny story about ourselves last year.
	0		he shaved ourselves fifteen minutes before John arrived.
	0		he saw ourselves fifteen minutes before John arrived.
	0		he talked to ourselves fifteen minutes before John arrived.
	0		he hurt ourselves fifteen minutes before John arrived.
	0		he told a funny story about ourselves fifteen minutes before John arrived.
	0		he tried to shave ourselves fifteen minutes before John arrived.
	0		he tried to see ourselves fifteen minutes before John arrived.
	0		he tried to talk to ourselves fifteen minutes before John arrived.
	0		he tried to hurt ourselves fifteen minutes before John arrived.
	0		he tried to tell a funny story about ourselves fifteen minutes before John arrived.
	0		he shaved ourselves .
	0		he saw ourselves .
	0		he talked to ourselves .
	0		he hurt ourselves .
	0		he told a funny story about ourselves .
	0		he tried to shave ourselves .
	0		he tried to see ourselves .
	0		he tried to talk to ourselves .
	0		he tried to hurt ourselves .
	0		he tried to tell a funny story about ourselves .
	0		she shaved himself yesterday.
	0		she saw himself yesterday.
	0		she talked to himself yesterday.
	0		she hurt himself yesterday.
	0		she told a funny story about himself yesterday.
	0		she tried to shave himself yesterday.
	0		she tried to see himself yesterday.
	0		she tried to talk to himself yesterday.
	0		she tried to hurt himself yesterday.
	0		she tried to tell a funny story about himself yesterday.
	0		she shaved himself this morning.
	0		she saw himself this morning.
	0		she talked to himself this morning.
	0		she hurt himself this morning.
	0		she told a funny story about himself this morning.
	0		she tried to shave himself this morning.
	0		she tried to see himself this morning.
	0		she tried to talk to himself this morning.
	0		she tried to hurt himself this morning.
	0		she tried to tell a funny story about himself this morning.
	0		she shaved himself last year.
	0		she saw himself last year.
	0		she talked to himself last year.
	0		she hurt himself last year.
	0		she told a funny story about himself last year.
	0		she tried to shave himself last year.
	0		she tried to see himself last year.
	0		she tried to talk to himself last year.
	0		she tried to hurt himself last year.
	0		she tried to tell a funny story about himself last year.
	0		she shaved himself fifteen minutes before John arrived.
	0		she saw himself fifteen minutes before John arrived.
	0		she talked to himself fifteen minutes before John arrived.
	0		she hurt himself fifteen minutes before John arrived.
	0		she told a funny story about himself fifteen minutes before John arrived.
	0		she tried to shave himself fifteen minutes before John arrived.
	0		she tried to see himself fifteen minutes before John arrived.
	0		she tried to talk to himself fifteen minutes before John arrived.
	0		she tried to hurt himself fifteen minutes before John arrived.
	0		she tried to tell a funny story about himself fifteen minutes before John arrived.
	0		she shaved himself .
	0		she saw himself .
	0		she talked to himself .
	0		she hurt himself .
	0		she told a funny story about himself .
	0		she tried to shave himself .
	0		she tried to see himself .
	0		she tried to talk to himself .
	0		she tried to hurt himself .
	0		she tried to tell a funny story about himself .
	1		she shaved herself yesterday.
	1		she saw herself yesterday.
	1		she talked to herself yesterday.
	1		she hurt herself yesterday.
	1		she told a funny story about herself yesterday.
	1		she tried to shave herself yesterday.
	1		she tried to see herself yesterday.
	1		she tried to talk to herself yesterday.
	1		she tried to hurt herself yesterday.
	1		she tried to tell a funny story about herself yesterday.
	1		she shaved herself this morning.
	1		she saw herself this morning.
	1		she talked to herself this morning.
	1		she hurt herself this morning.
	1		she told a funny story about herself this morning.
	1		she tried to shave herself this morning.
	1		she tried to see herself this morning.
	1		she tried to talk to herself this morning.
	1		she tried to hurt herself this morning.
	1		she tried to tell a funny story about herself this morning.
	1		she shaved herself last year.
	1		she saw herself last year.
	1		she talked to herself last year.
	1		she hurt herself last year.
	1		she told a funny story about herself last year.
	1		she tried to shave herself last year.
	1		she tried to see herself last year.
	1		she tried to talk to herself last year.
	1		she tried to hurt herself last year.
	1		she tried to tell a funny story about herself last year.
	1		she shaved herself fifteen minutes before John arrived.
	1		she saw herself fifteen minutes before John arrived.
	1		she talked to herself fifteen minutes before John arrived.
	1		she hurt herself fifteen minutes before John arrived.
	1		she told a funny story about herself fifteen minutes before John arrived.
	1		she tried to shave herself fifteen minutes before John arrived.
	1		she tried to see herself fifteen minutes before John arrived.
	1		she tried to talk to herself fifteen minutes before John arrived.
	1		she tried to hurt herself fifteen minutes before John arrived.
	1		she tried to tell a funny story about herself fifteen minutes before John arrived.
	1		she shaved herself .
	1		she saw herself .
	1		she talked to herself .
	1		she hurt herself .
	1		she told a funny story about herself .
	1		she tried to shave herself .
	1		she tried to see herself .
	1		she tried to talk to herself .
	1		she tried to hurt herself .
	1		she tried to tell a funny story about herself .
	0		she shaved themselves yesterday.
	0		she saw themselves yesterday.
	0		she talked to themselves yesterday.
	0		she hurt themselves yesterday.
	0		she told a funny story about themselves yesterday.
	0		she tried to shave themselves yesterday.
	0		she tried to see themselves yesterday.
	0		she tried to talk to themselves yesterday.
	0		she tried to hurt themselves yesterday.
	0		she tried to tell a funny story about themselves yesterday.
	0		she shaved themselves this morning.
	0		she saw themselves this morning.
	0		she talked to themselves this morning.
	0		she hurt themselves this morning.
	0		she told a funny story about themselves this morning.
	0		she tried to shave themselves this morning.
	0		she tried to see themselves this morning.
	0		she tried to talk to themselves this morning.
	0		she tried to hurt themselves this morning.
	0		she tried to tell a funny story about themselves this morning.
	0		she shaved themselves last year.
	0		she saw themselves last year.
	0		she talked to themselves last year.
	0		she hurt themselves last year.
	0		she told a funny story about themselves last year.
	0		she tried to shave themselves last year.
	0		she tried to see themselves last year.
	0		she tried to talk to themselves last year.
	0		she tried to hurt themselves last year.
	0		she tried to tell a funny story about themselves last year.
	0		she shaved themselves fifteen minutes before John arrived.
	0		she saw themselves fifteen minutes before John arrived.
	0		she talked to themselves fifteen minutes before John arrived.
	0		she hurt themselves fifteen minutes before John arrived.
	0		she told a funny story about themselves fifteen minutes before John arrived.
	0		she tried to shave themselves fifteen minutes before John arrived.
	0		she tried to see themselves fifteen minutes before John arrived.
	0		she tried to talk to themselves fifteen minutes before John arrived.
	0		she tried to hurt themselves fifteen minutes before John arrived.
	0		she tried to tell a funny story about themselves fifteen minutes before John arrived.
	0		she shaved themselves .
	0		she saw themselves .
	0		she talked to themselves .
	0		she hurt themselves .
	0		she told a funny story about themselves .
	0		she tried to shave themselves .
	0		she tried to see themselves .
	0		she tried to talk to themselves .
	0		she tried to hurt themselves .
	0		she tried to tell a funny story about themselves .
	0		she shaved yourself yesterday.
	0		she saw yourself yesterday.
	0		she talked to yourself yesterday.
	0		she hurt yourself yesterday.
	0		she told a funny story about yourself yesterday.
	0		she tried to shave yourself yesterday.
	0		she tried to see yourself yesterday.
	0		she tried to talk to yourself yesterday.
	0		she tried to hurt yourself yesterday.
	0		she tried to tell a funny story about yourself yesterday.
	0		she shaved yourself this morning.
	0		she saw yourself this morning.
	0		she talked to yourself this morning.
	0		she hurt yourself this morning.
	0		she told a funny story about yourself this morning.
	0		she tried to shave yourself this morning.
	0		she tried to see yourself this morning.
	0		she tried to talk to yourself this morning.
	0		she tried to hurt yourself this morning.
	0		she tried to tell a funny story about yourself this morning.
	0		she shaved yourself last year.
	0		she saw yourself last year.
	0		she talked to yourself last year.
	0		she hurt yourself last year.
	0		she told a funny story about yourself last year.
	0		she tried to shave yourself last year.
	0		she tried to see yourself last year.
	0		she tried to talk to yourself last year.
	0		she tried to hurt yourself last year.
	0		she tried to tell a funny story about yourself last year.
	0		she shaved yourself fifteen minutes before John arrived.
	0		she saw yourself fifteen minutes before John arrived.
	0		she talked to yourself fifteen minutes before John arrived.
	0		she hurt yourself fifteen minutes before John arrived.
	0		she told a funny story about yourself fifteen minutes before John arrived.
	0		she tried to shave yourself fifteen minutes before John arrived.
	0		she tried to see yourself fifteen minutes before John arrived.
	0		she tried to talk to yourself fifteen minutes before John arrived.
	0		she tried to hurt yourself fifteen minutes before John arrived.
	0		she tried to tell a funny story about yourself fifteen minutes before John arrived.
	0		she shaved yourself .
	0		she saw yourself .
	0		she talked to yourself .
	0		she hurt yourself .
	0		she told a funny story about yourself .
	0		she tried to shave yourself .
	0		she tried to see yourself .
	0		she tried to talk to yourself .
	0		she tried to hurt yourself .
	0		she tried to tell a funny story about yourself .
	0		she shaved myself yesterday.
	0		she saw myself yesterday.
	0		she talked to myself yesterday.
	0		she hurt myself yesterday.
	0		she told a funny story about myself yesterday.
	0		she tried to shave myself yesterday.
	0		she tried to see myself yesterday.
	0		she tried to talk to myself yesterday.
	0		she tried to hurt myself yesterday.
	0		she tried to tell a funny story about myself yesterday.
	0		she shaved myself this morning.
	0		she saw myself this morning.
	0		she talked to myself this morning.
	0		she hurt myself this morning.
	0		she told a funny story about myself this morning.
	0		she tried to shave myself this morning.
	0		she tried to see myself this morning.
	0		she tried to talk to myself this morning.
	0		she tried to hurt myself this morning.
	0		she tried to tell a funny story about myself this morning.
	0		she shaved myself last year.
	0		she saw myself last year.
	0		she talked to myself last year.
	0		she hurt myself last year.
	0		she told a funny story about myself last year.
	0		she tried to shave myself last year.
	0		she tried to see myself last year.
	0		she tried to talk to myself last year.
	0		she tried to hurt myself last year.
	0		she tried to tell a funny story about myself last year.
	0		she shaved myself fifteen minutes before John arrived.
	0		she saw myself fifteen minutes before John arrived.
	0		she talked to myself fifteen minutes before John arrived.
	0		she hurt myself fifteen minutes before John arrived.
	0		she told a funny story about myself fifteen minutes before John arrived.
	0		she tried to shave myself fifteen minutes before John arrived.
	0		she tried to see myself fifteen minutes before John arrived.
	0		she tried to talk to myself fifteen minutes before John arrived.
	0		she tried to hurt myself fifteen minutes before John arrived.
	0		she tried to tell a funny story about myself fifteen minutes before John arrived.
	0		she shaved myself .
	0		she saw myself .
	0		she talked to myself .
	0		she hurt myself .
	0		she told a funny story about myself .
	0		she tried to shave myself .
	0		she tried to see myself .
	0		she tried to talk to myself .
	0		she tried to hurt myself .
	0		she tried to tell a funny story about myself .
	0		she shaved ourselves yesterday.
	0		she saw ourselves yesterday.
	0		she talked to ourselves yesterday.
	0		she hurt ourselves yesterday.
	0		she told a funny story about ourselves yesterday.
	0		she tried to shave ourselves yesterday.
	0		she tried to see ourselves yesterday.
	0		she tried to talk to ourselves yesterday.
	0		she tried to hurt ourselves yesterday.
	0		she tried to tell a funny story about ourselves yesterday.
	0		she shaved ourselves this morning.
	0		she saw ourselves this morning.
	0		she talked to ourselves this morning.
	0		she hurt ourselves this morning.
	0		she told a funny story about ourselves this morning.
	0		she tried to shave ourselves this morning.
	0		she tried to see ourselves this morning.
	0		she tried to talk to ourselves this morning.
	0		she tried to hurt ourselves this morning.
	0		she tried to tell a funny story about ourselves this morning.
	0		she shaved ourselves last year.
	0		she saw ourselves last year.
	0		she talked to ourselves last year.
	0		she hurt ourselves last year.
	0		she told a funny story about ourselves last year.
	0		she tried to shave ourselves last year.
	0		she tried to see ourselves last year.
	0		she tried to talk to ourselves last year.
	0		she tried to hurt ourselves last year.
	0		she tried to tell a funny story about ourselves last year.
	0		she shaved ourselves fifteen minutes before John arrived.
	0		she saw ourselves fifteen minutes before John arrived.
	0		she talked to ourselves fifteen minutes before John arrived.
	0		she hurt ourselves fifteen minutes before John arrived.
	0		she told a funny story about ourselves fifteen minutes before John arrived.
	0		she tried to shave ourselves fifteen minutes before John arrived.
	0		she tried to see ourselves fifteen minutes before John arrived.
	0		she tried to talk to ourselves fifteen minutes before John arrived.
	0		she tried to hurt ourselves fifteen minutes before John arrived.
	0		she tried to tell a funny story about ourselves fifteen minutes before John arrived.
	0		she shaved ourselves .
	0		she saw ourselves .
	0		she talked to ourselves .
	0		she hurt ourselves .
	0		she told a funny story about ourselves .
	0		she tried to shave ourselves .
	0		she tried to see ourselves .
	0		she tried to talk to ourselves .
	0		she tried to hurt ourselves .
	0		she tried to tell a funny story about ourselves .
	0		we shaved himself yesterday.
	0		we saw himself yesterday.
	0		we talked to himself yesterday.
	0		we hurt himself yesterday.
	0		we told a funny story about himself yesterday.
	0		we tried to shave himself yesterday.
	0		we tried to see himself yesterday.
	0		we tried to talk to himself yesterday.
	0		we tried to hurt himself yesterday.
	0		we tried to tell a funny story about himself yesterday.
	0		we shaved himself this morning.
	0		we saw himself this morning.
	0		we talked to himself this morning.
	0		we hurt himself this morning.
	0		we told a funny story about himself this morning.
	0		we tried to shave himself this morning.
	0		we tried to see himself this morning.
	0		we tried to talk to himself this morning.
	0		we tried to hurt himself this morning.
	0		we tried to tell a funny story about himself this morning.
	0		we shaved himself last year.
	0		we saw himself last year.
	0		we talked to himself last year.
	0		we hurt himself last year.
	0		we told a funny story about himself last year.
	0		we tried to shave himself last year.
	0		we tried to see himself last year.
	0		we tried to talk to himself last year.
	0		we tried to hurt himself last year.
	0		we tried to tell a funny story about himself last year.
	0		we shaved himself fifteen minutes before John arrived.
	0		we saw himself fifteen minutes before John arrived.
	0		we talked to himself fifteen minutes before John arrived.
	0		we hurt himself fifteen minutes before John arrived.
	0		we told a funny story about himself fifteen minutes before John arrived.
	0		we tried to shave himself fifteen minutes before John arrived.
	0		we tried to see himself fifteen minutes before John arrived.
	0		we tried to talk to himself fifteen minutes before John arrived.
	0		we tried to hurt himself fifteen minutes before John arrived.
	0		we tried to tell a funny story about himself fifteen minutes before John arrived.
	0		we shaved himself .
	0		we saw himself .
	0		we talked to himself .
	0		we hurt himself .
	0		we told a funny story about himself .
	0		we tried to shave himself .
	0		we tried to see himself .
	0		we tried to talk to himself .
	0		we tried to hurt himself .
	0		we tried to tell a funny story about himself .
	0		we shaved herself yesterday.
	0		we saw herself yesterday.
	0		we talked to herself yesterday.
	0		we hurt herself yesterday.
	0		we told a funny story about herself yesterday.
	0		we tried to shave herself yesterday.
	0		we tried to see herself yesterday.
	0		we tried to talk to herself yesterday.
	0		we tried to hurt herself yesterday.
	0		we tried to tell a funny story about herself yesterday.
	0		we shaved herself this morning.
	0		we saw herself this morning.
	0		we talked to herself this morning.
	0		we hurt herself this morning.
	0		we told a funny story about herself this morning.
	0		we tried to shave herself this morning.
	0		we tried to see herself this morning.
	0		we tried to talk to herself this morning.
	0		we tried to hurt herself this morning.
	0		we tried to tell a funny story about herself this morning.
	0		we shaved herself last year.
	0		we saw herself last year.
	0		we talked to herself last year.
	0		we hurt herself last year.
	0		we told a funny story about herself last year.
	0		we tried to shave herself last year.
	0		we tried to see herself last year.
	0		we tried to talk to herself last year.
	0		we tried to hurt herself last year.
	0		we tried to tell a funny story about herself last year.
	0		we shaved herself fifteen minutes before John arrived.
	0		we saw herself fifteen minutes before John arrived.
	0		we talked to herself fifteen minutes before John arrived.
	0		we hurt herself fifteen minutes before John arrived.
	0		we told a funny story about herself fifteen minutes before John arrived.
	0		we tried to shave herself fifteen minutes before John arrived.
	0		we tried to see herself fifteen minutes before John arrived.
	0		we tried to talk to herself fifteen minutes before John arrived.
	0		we tried to hurt herself fifteen minutes before John arrived.
	0		we tried to tell a funny story about herself fifteen minutes before John arrived.
	0		we shaved herself .
	0		we saw herself .
	0		we talked to herself .
	0		we hurt herself .
	0		we told a funny story about herself .
	0		we tried to shave herself .
	0		we tried to see herself .
	0		we tried to talk to herself .
	0		we tried to hurt herself .
	0		we tried to tell a funny story about herself .
	0		we shaved themselves yesterday.
	0		we saw themselves yesterday.
	0		we talked to themselves yesterday.
	0		we hurt themselves yesterday.
	0		we told a funny story about themselves yesterday.
	0		we tried to shave themselves yesterday.
	0		we tried to see themselves yesterday.
	0		we tried to talk to themselves yesterday.
	0		we tried to hurt themselves yesterday.
	0		we tried to tell a funny story about themselves yesterday.
	0		we shaved themselves this morning.
	0		we saw themselves this morning.
	0		we talked to themselves this morning.
	0		we hurt themselves this morning.
	0		we told a funny story about themselves this morning.
	0		we tried to shave themselves this morning.
	0		we tried to see themselves this morning.
	0		we tried to talk to themselves this morning.
	0		we tried to hurt themselves this morning.
	0		we tried to tell a funny story about themselves this morning.
	0		we shaved themselves last year.
	0		we saw themselves last year.
	0		we talked to themselves last year.
	0		we hurt themselves last year.
	0		we told a funny story about themselves last year.
	0		we tried to shave themselves last year.
	0		we tried to see themselves last year.
	0		we tried to talk to themselves last year.
	0		we tried to hurt themselves last year.
	0		we tried to tell a funny story about themselves last year.
	0		we shaved themselves fifteen minutes before John arrived.
	0		we saw themselves fifteen minutes before John arrived.
	0		we talked to themselves fifteen minutes before John arrived.
	0		we hurt themselves fifteen minutes before John arrived.
	0		we told a funny story about themselves fifteen minutes before John arrived.
	0		we tried to shave themselves fifteen minutes before John arrived.
	0		we tried to see themselves fifteen minutes before John arrived.
	0		we tried to talk to themselves fifteen minutes before John arrived.
	0		we tried to hurt themselves fifteen minutes before John arrived.
	0		we tried to tell a funny story about themselves fifteen minutes before John arrived.
	0		we shaved themselves .
	0		we saw themselves .
	0		we talked to themselves .
	0		we hurt themselves .
	0		we told a funny story about themselves .
	0		we tried to shave themselves .
	0		we tried to see themselves .
	0		we tried to talk to themselves .
	0		we tried to hurt themselves .
	0		we tried to tell a funny story about themselves .
	0		we shaved yourself yesterday.
	0		we saw yourself yesterday.
	0		we talked to yourself yesterday.
	0		we hurt yourself yesterday.
	0		we told a funny story about yourself yesterday.
	0		we tried to shave yourself yesterday.
	0		we tried to see yourself yesterday.
	0		we tried to talk to yourself yesterday.
	0		we tried to hurt yourself yesterday.
	0		we tried to tell a funny story about yourself yesterday.
	0		we shaved yourself this morning.
	0		we saw yourself this morning.
	0		we talked to yourself this morning.
	0		we hurt yourself this morning.
	0		we told a funny story about yourself this morning.
	0		we tried to shave yourself this morning.
	0		we tried to see yourself this morning.
	0		we tried to talk to yourself this morning.
	0		we tried to hurt yourself this morning.
	0		we tried to tell a funny story about yourself this morning.
	0		we shaved yourself last year.
	0		we saw yourself last year.
	0		we talked to yourself last year.
	0		we hurt yourself last year.
	0		we told a funny story about yourself last year.
	0		we tried to shave yourself last year.
	0		we tried to see yourself last year.
	0		we tried to talk to yourself last year.
	0		we tried to hurt yourself last year.
	0		we tried to tell a funny story about yourself last year.
	0		we shaved yourself fifteen minutes before John arrived.
	0		we saw yourself fifteen minutes before John arrived.
	0		we talked to yourself fifteen minutes before John arrived.
	0		we hurt yourself fifteen minutes before John arrived.
	0		we told a funny story about yourself fifteen minutes before John arrived.
	0		we tried to shave yourself fifteen minutes before John arrived.
	0		we tried to see yourself fifteen minutes before John arrived.
	0		we tried to talk to yourself fifteen minutes before John arrived.
	0		we tried to hurt yourself fifteen minutes before John arrived.
	0		we tried to tell a funny story about yourself fifteen minutes before John arrived.
	0		we shaved yourself .
	0		we saw yourself .
	0		we talked to yourself .
	0		we hurt yourself .
	0		we told a funny story about yourself .
	0		we tried to shave yourself .
	0		we tried to see yourself .
	0		we tried to talk to yourself .
	0		we tried to hurt yourself .
	0		we tried to tell a funny story about yourself .
	0		we shaved myself yesterday.
	0		we saw myself yesterday.
	0		we talked to myself yesterday.
	0		we hurt myself yesterday.
	0		we told a funny story about myself yesterday.
	0		we tried to shave myself yesterday.
	0		we tried to see myself yesterday.
	0		we tried to talk to myself yesterday.
	0		we tried to hurt myself yesterday.
	0		we tried to tell a funny story about myself yesterday.
	0		we shaved myself this morning.
	0		we saw myself this morning.
	0		we talked to myself this morning.
	0		we hurt myself this morning.
	0		we told a funny story about myself this morning.
	0		we tried to shave myself this morning.
	0		we tried to see myself this morning.
	0		we tried to talk to myself this morning.
	0		we tried to hurt myself this morning.
	0		we tried to tell a funny story about myself this morning.
	0		we shaved myself last year.
	0		we saw myself last year.
	0		we talked to myself last year.
	0		we hurt myself last year.
	0		we told a funny story about myself last year.
	0		we tried to shave myself last year.
	0		we tried to see myself last year.
	0		we tried to talk to myself last year.
	0		we tried to hurt myself last year.
	0		we tried to tell a funny story about myself last year.
	0		we shaved myself fifteen minutes before John arrived.
	0		we saw myself fifteen minutes before John arrived.
	0		we talked to myself fifteen minutes before John arrived.
	0		we hurt myself fifteen minutes before John arrived.
	0		we told a funny story about myself fifteen minutes before John arrived.
	0		we tried to shave myself fifteen minutes before John arrived.
	0		we tried to see myself fifteen minutes before John arrived.
	0		we tried to talk to myself fifteen minutes before John arrived.
	0		we tried to hurt myself fifteen minutes before John arrived.
	0		we tried to tell a funny story about myself fifteen minutes before John arrived.
	0		we shaved myself .
	0		we saw myself .
	0		we talked to myself .
	0		we hurt myself .
	0		we told a funny story about myself .
	0		we tried to shave myself .
	0		we tried to see myself .
	0		we tried to talk to myself .
	0		we tried to hurt myself .
	0		we tried to tell a funny story about myself .
	1		we shaved ourselves yesterday.
	1		we saw ourselves yesterday.
	1		we talked to ourselves yesterday.
	1		we hurt ourselves yesterday.
	1		we told a funny story about ourselves yesterday.
	1		we tried to shave ourselves yesterday.
	1		we tried to see ourselves yesterday.
	1		we tried to talk to ourselves yesterday.
	1		we tried to hurt ourselves yesterday.
	1		we tried to tell a funny story about ourselves yesterday.
	1		we shaved ourselves this morning.
	1		we saw ourselves this morning.
	1		we talked to ourselves this morning.
	1		we hurt ourselves this morning.
	1		we told a funny story about ourselves this morning.
	1		we tried to shave ourselves this morning.
	1		we tried to see ourselves this morning.
	1		we tried to talk to ourselves this morning.
	1		we tried to hurt ourselves this morning.
	1		we tried to tell a funny story about ourselves this morning.
	1		we shaved ourselves last year.
	1		we saw ourselves last year.
	1		we talked to ourselves last year.
	1		we hurt ourselves last year.
	1		we told a funny story about ourselves last year.
	1		we tried to shave ourselves last year.
	1		we tried to see ourselves last year.
	1		we tried to talk to ourselves last year.
	1		we tried to hurt ourselves last year.
	1		we tried to tell a funny story about ourselves last year.
	1		we shaved ourselves fifteen minutes before John arrived.
	1		we saw ourselves fifteen minutes before John arrived.
	1		we talked to ourselves fifteen minutes before John arrived.
	1		we hurt ourselves fifteen minutes before John arrived.
	1		we told a funny story about ourselves fifteen minutes before John arrived.
	1		we tried to shave ourselves fifteen minutes before John arrived.
	1		we tried to see ourselves fifteen minutes before John arrived.
	1		we tried to talk to ourselves fifteen minutes before John arrived.
	1		we tried to hurt ourselves fifteen minutes before John arrived.
	1		we tried to tell a funny story about ourselves fifteen minutes before John arrived.
	1		we shaved ourselves .
	1		we saw ourselves .
	1		we talked to ourselves .
	1		we hurt ourselves .
	1		we told a funny story about ourselves .
	1		we tried to shave ourselves .
	1		we tried to see ourselves .
	1		we tried to talk to ourselves .
	1		we tried to hurt ourselves .
	1		we tried to tell a funny story about ourselves .
	0		they shaved himself yesterday.
	0		they saw himself yesterday.
	0		they talked to himself yesterday.
	0		they hurt himself yesterday.
	0		they told a funny story about himself yesterday.
	0		they tried to shave himself yesterday.
	0		they tried to see himself yesterday.
	0		they tried to talk to himself yesterday.
	0		they tried to hurt himself yesterday.
	0		they tried to tell a funny story about himself yesterday.
	0		they shaved himself this morning.
	0		they saw himself this morning.
	0		they talked to himself this morning.
	0		they hurt himself this morning.
	0		they told a funny story about himself this morning.
	0		they tried to shave himself this morning.
	0		they tried to see himself this morning.
	0		they tried to talk to himself this morning.
	0		they tried to hurt himself this morning.
	0		they tried to tell a funny story about himself this morning.
	0		they shaved himself last year.
	0		they saw himself last year.
	0		they talked to himself last year.
	0		they hurt himself last year.
	0		they told a funny story about himself last year.
	0		they tried to shave himself last year.
	0		they tried to see himself last year.
	0		they tried to talk to himself last year.
	0		they tried to hurt himself last year.
	0		they tried to tell a funny story about himself last year.
	0		they shaved himself fifteen minutes before John arrived.
	0		they saw himself fifteen minutes before John arrived.
	0		they talked to himself fifteen minutes before John arrived.
	0		they hurt himself fifteen minutes before John arrived.
	0		they told a funny story about himself fifteen minutes before John arrived.
	0		they tried to shave himself fifteen minutes before John arrived.
	0		they tried to see himself fifteen minutes before John arrived.
	0		they tried to talk to himself fifteen minutes before John arrived.
	0		they tried to hurt himself fifteen minutes before John arrived.
	0		they tried to tell a funny story about himself fifteen minutes before John arrived.
	0		they shaved himself .
	0		they saw himself .
	0		they talked to himself .
	0		they hurt himself .
	0		they told a funny story about himself .
	0		they tried to shave himself .
	0		they tried to see himself .
	0		they tried to talk to himself .
	0		they tried to hurt himself .
	0		they tried to tell a funny story about himself .
	0		they shaved herself yesterday.
	0		they saw herself yesterday.
	0		they talked to herself yesterday.
	0		they hurt herself yesterday.
	0		they told a funny story about herself yesterday.
	0		they tried to shave herself yesterday.
	0		they tried to see herself yesterday.
	0		they tried to talk to herself yesterday.
	0		they tried to hurt herself yesterday.
	0		they tried to tell a funny story about herself yesterday.
	0		they shaved herself this morning.
	0		they saw herself this morning.
	0		they talked to herself this morning.
	0		they hurt herself this morning.
	0		they told a funny story about herself this morning.
	0		they tried to shave herself this morning.
	0		they tried to see herself this morning.
	0		they tried to talk to herself this morning.
	0		they tried to hurt herself this morning.
	0		they tried to tell a funny story about herself this morning.
	0		they shaved herself last year.
	0		they saw herself last year.
	0		they talked to herself last year.
	0		they hurt herself last year.
	0		they told a funny story about herself last year.
	0		they tried to shave herself last year.
	0		they tried to see herself last year.
	0		they tried to talk to herself last year.
	0		they tried to hurt herself last year.
	0		they tried to tell a funny story about herself last year.
	0		they shaved herself fifteen minutes before John arrived.
	0		they saw herself fifteen minutes before John arrived.
	0		they talked to herself fifteen minutes before John arrived.
	0		they hurt herself fifteen minutes before John arrived.
	0		they told a funny story about herself fifteen minutes before John arrived.
	0		they tried to shave herself fifteen minutes before John arrived.
	0		they tried to see herself fifteen minutes before John arrived.
	0		they tried to talk to herself fifteen minutes before John arrived.
	0		they tried to hurt herself fifteen minutes before John arrived.
	0		they tried to tell a funny story about herself fifteen minutes before John arrived.
	0		they shaved herself .
	0		they saw herself .
	0		they talked to herself .
	0		they hurt herself .
	0		they told a funny story about herself .
	0		they tried to shave herself .
	0		they tried to see herself .
	0		they tried to talk to herself .
	0		they tried to hurt herself .
	0		they tried to tell a funny story about herself .
	1		they shaved themselves yesterday.
	1		they saw themselves yesterday.
	1		they talked to themselves yesterday.
	1		they hurt themselves yesterday.
	1		they told a funny story about themselves yesterday.
	1		they tried to shave themselves yesterday.
	1		they tried to see themselves yesterday.
	1		they tried to talk to themselves yesterday.
	1		they tried to hurt themselves yesterday.
	1		they tried to tell a funny story about themselves yesterday.
	1		they shaved themselves this morning.
	1		they saw themselves this morning.
	1		they talked to themselves this morning.
	1		they hurt themselves this morning.
	1		they told a funny story about themselves this morning.
	1		they tried to shave themselves this morning.
	1		they tried to see themselves this morning.
	1		they tried to talk to themselves this morning.
	1		they tried to hurt themselves this morning.
	1		they tried to tell a funny story about themselves this morning.
	1		they shaved themselves last year.
	1		they saw themselves last year.
	1		they talked to themselves last year.
	1		they hurt themselves last year.
	1		they told a funny story about themselves last year.
	1		they tried to shave themselves last year.
	1		they tried to see themselves last year.
	1		they tried to talk to themselves last year.
	1		they tried to hurt themselves last year.
	1		they tried to tell a funny story about themselves last year.
	1		they shaved themselves fifteen minutes before John arrived.
	1		they saw themselves fifteen minutes before John arrived.
	1		they talked to themselves fifteen minutes before John arrived.
	1		they hurt themselves fifteen minutes before John arrived.
	1		they told a funny story about themselves fifteen minutes before John arrived.
	1		they tried to shave themselves fifteen minutes before John arrived.
	1		they tried to see themselves fifteen minutes before John arrived.
	1		they tried to talk to themselves fifteen minutes before John arrived.
	1		they tried to hurt themselves fifteen minutes before John arrived.
	1		they tried to tell a funny story about themselves fifteen minutes before John arrived.
	1		they shaved themselves .
	1		they saw themselves .
	1		they talked to themselves .
	1		they hurt themselves .
	1		they told a funny story about themselves .
	1		they tried to shave themselves .
	1		they tried to see themselves .
	1		they tried to talk to themselves .
	1		they tried to hurt themselves .
	1		they tried to tell a funny story about themselves .
	0		they shaved yourself yesterday.
	0		they saw yourself yesterday.
	0		they talked to yourself yesterday.
	0		they hurt yourself yesterday.
	0		they told a funny story about yourself yesterday.
	0		they tried to shave yourself yesterday.
	0		they tried to see yourself yesterday.
	0		they tried to talk to yourself yesterday.
	0		they tried to hurt yourself yesterday.
	0		they tried to tell a funny story about yourself yesterday.
	0		they shaved yourself this morning.
	0		they saw yourself this morning.
	0		they talked to yourself this morning.
	0		they hurt yourself this morning.
	0		they told a funny story about yourself this morning.
	0		they tried to shave yourself this morning.
	0		they tried to see yourself this morning.
	0		they tried to talk to yourself this morning.
	0		they tried to hurt yourself this morning.
	0		they tried to tell a funny story about yourself this morning.
	0		they shaved yourself last year.
	0		they saw yourself last year.
	0		they talked to yourself last year.
	0		they hurt yourself last year.
	0		they told a funny story about yourself last year.
	0		they tried to shave yourself last year.
	0		they tried to see yourself last year.
	0		they tried to talk to yourself last year.
	0		they tried to hurt yourself last year.
	0		they tried to tell a funny story about yourself last year.
	0		they shaved yourself fifteen minutes before John arrived.
	0		they saw yourself fifteen minutes before John arrived.
	0		they talked to yourself fifteen minutes before John arrived.
	0		they hurt yourself fifteen minutes before John arrived.
	0		they told a funny story about yourself fifteen minutes before John arrived.
	0		they tried to shave yourself fifteen minutes before John arrived.
	0		they tried to see yourself fifteen minutes before John arrived.
	0		they tried to talk to yourself fifteen minutes before John arrived.
	0		they tried to hurt yourself fifteen minutes before John arrived.
	0		they tried to tell a funny story about yourself fifteen minutes before John arrived.
	0		they shaved yourself .
	0		they saw yourself .
	0		they talked to yourself .
	0		they hurt yourself .
	0		they told a funny story about yourself .
	0		they tried to shave yourself .
	0		they tried to see yourself .
	0		they tried to talk to yourself .
	0		they tried to hurt yourself .
	0		they tried to tell a funny story about yourself .
	0		they shaved myself yesterday.
	0		they saw myself yesterday.
	0		they talked to myself yesterday.
	0		they hurt myself yesterday.
	0		they told a funny story about myself yesterday.
	0		they tried to shave myself yesterday.
	0		they tried to see myself yesterday.
	0		they tried to talk to myself yesterday.
	0		they tried to hurt myself yesterday.
	0		they tried to tell a funny story about myself yesterday.
	0		they shaved myself this morning.
	0		they saw myself this morning.
	0		they talked to myself this morning.
	0		they hurt myself this morning.
	0		they told a funny story about myself this morning.
	0		they tried to shave myself this morning.
	0		they tried to see myself this morning.
	0		they tried to talk to myself this morning.
	0		they tried to hurt myself this morning.
	0		they tried to tell a funny story about myself this morning.
	0		they shaved myself last year.
	0		they saw myself last year.
	0		they talked to myself last year.
	0		they hurt myself last year.
	0		they told a funny story about myself last year.
	0		they tried to shave myself last year.
	0		they tried to see myself last year.
	0		they tried to talk to myself last year.
	0		they tried to hurt myself last year.
	0		they tried to tell a funny story about myself last year.
	0		they shaved myself fifteen minutes before John arrived.
	0		they saw myself fifteen minutes before John arrived.
	0		they talked to myself fifteen minutes before John arrived.
	0		they hurt myself fifteen minutes before John arrived.
	0		they told a funny story about myself fifteen minutes before John arrived.
	0		they tried to shave myself fifteen minutes before John arrived.
	0		they tried to see myself fifteen minutes before John arrived.
	0		they tried to talk to myself fifteen minutes before John arrived.
	0		they tried to hurt myself fifteen minutes before John arrived.
	0		they tried to tell a funny story about myself fifteen minutes before John arrived.
	0		they shaved myself .
	0		they saw myself .
	0		they talked to myself .
	0		they hurt myself .
	0		they told a funny story about myself .
	0		they tried to shave myself .
	0		they tried to see myself .
	0		they tried to talk to myself .
	0		they tried to hurt myself .
	0		they tried to tell a funny story about myself .
	0		they shaved ourselves yesterday.
	0		they saw ourselves yesterday.
	0		they talked to ourselves yesterday.
	0		they hurt ourselves yesterday.
	0		they told a funny story about ourselves yesterday.
	0		they tried to shave ourselves yesterday.
	0		they tried to see ourselves yesterday.
	0		they tried to talk to ourselves yesterday.
	0		they tried to hurt ourselves yesterday.
	0		they tried to tell a funny story about ourselves yesterday.
	0		they shaved ourselves this morning.
	0		they saw ourselves this morning.
	0		they talked to ourselves this morning.
	0		they hurt ourselves this morning.
	0		they told a funny story about ourselves this morning.
	0		they tried to shave ourselves this morning.
	0		they tried to see ourselves this morning.
	0		they tried to talk to ourselves this morning.
	0		they tried to hurt ourselves this morning.
	0		they tried to tell a funny story about ourselves this morning.
	0		they shaved ourselves last year.
	0		they saw ourselves last year.
	0		they talked to ourselves last year.
	0		they hurt ourselves last year.
	0		they told a funny story about ourselves last year.
	0		they tried to shave ourselves last year.
	0		they tried to see ourselves last year.
	0		they tried to talk to ourselves last year.
	0		they tried to hurt ourselves last year.
	0		they tried to tell a funny story about ourselves last year.
	0		they shaved ourselves fifteen minutes before John arrived.
	0		they saw ourselves fifteen minutes before John arrived.
	0		they talked to ourselves fifteen minutes before John arrived.
	0		they hurt ourselves fifteen minutes before John arrived.
	0		they told a funny story about ourselves fifteen minutes before John arrived.
	0		they tried to shave ourselves fifteen minutes before John arrived.
	0		they tried to see ourselves fifteen minutes before John arrived.
	0		they tried to talk to ourselves fifteen minutes before John arrived.
	0		they tried to hurt ourselves fifteen minutes before John arrived.
	0		they tried to tell a funny story about ourselves fifteen minutes before John arrived.
	0		they shaved ourselves .
	0		they saw ourselves .
	0		they talked to ourselves .
	0		they hurt ourselves .
	0		they told a funny story about ourselves .
	0		they tried to shave ourselves .
	0		they tried to see ourselves .
	0		they tried to talk to ourselves .
	0		they tried to hurt ourselves .
	0		they tried to tell a funny story about ourselves .